{
	"output.folder": "C:/Tools/Converted_Files/",
	"flash.client.url": "",
	"figuredata.load.url": "C:/Tools/DownloadHabbo/Compiled/clothes/figuredata.xml",
	"furnidata.load.url": "C:/Tools/DownloadHabbo/Compiled/files/furnidata_xml.xml",
	"productdata.load.url": "C:/Tools/DownloadHabbo/Compiled/files/productdata.txt",
	"figuremap.load.url": "C:/Tools/DownloadHabbo/Compiled/clothes/figuremap.xml",
	"effectmap.load.url": "C:/Tools/asset_default/effectmap.xml",
	"dynamic.download.pet.url": "C:/Tools/asset_default/Pets/%className%.swf",
	"dynamic.download.figure.url": "C:/Tools/DownloadHabbo/Compiled/clothes/%className%.swf",
	"dynamic.download.effect.url": "C:/Tools/asset_default/Effects/%className%.swf",
	"flash.dynamic.download.url": "",
	"dynamic.download.furniture.url": "C:/Tools/DownloadHabbo/Compiled/hof_furni/%className%.swf",
	"external.variables.url": "C:/Tools/DownloadHabbo/files/external_variables.txt",
	"external.texts.url": "C:/Tools/DownloadHabbo/files/external_flash_texts.txt",
	"convert.figure": "1",
	"convert.effect": "1",
	"convert.furniture": "1",
	"convert.furniture.floor.only": "0",
	"convert.furniture.wall.only": "0",
	"convert.pet": "1"
}
