{
	"roomitemtypes": {
		"furnitype": [
			{
				"id": 100003,
				"classname": "hobba_bb21_fx_boom",
				"revision": 0,
				"category": "unknown",
				"defaultdir": 0,
				"xdim": 1,
				"ydim": 1,
				"partcolors": {
					"color": []
				},
				"name": "hobba_bb21_fx_boom",
				"description": "hobba_bb21_fx_boom",
				"adurl": "",
				"offerid": 100003,
				"buyout": true,
				"rentofferid": -1,
				"rentbuyout": false,
				"bc": false,
				"excludeddynamic": false,
				"customparams": "0",
				"specialtype": 1,
				"canstandon": false,
				"cansiton": false,
				"canlayon": false,
				"furniline": "",
				"environment": "",
				"rare": false
			},
			{
				"id": 100004,
				"classname": "hobba_bb21_fx_stars",
				"revision": 0,
				"category": "unknown",
				"defaultdir": 0,
				"xdim": 1,
				"ydim": 1,
				"partcolors": {
					"color": []
				},
				"name": "hobba_bb21_fx_stars",
				"description": "hobba_bb21_fx_stars",
				"adurl": "",
				"offerid": 100004,
				"buyout": true,
				"rentofferid": -1,
				"rentbuyout": false,
				"bc": false,
				"excludeddynamic": false,
				"customparams": "0",
				"specialtype": 1,
				"canstandon": false,
				"cansiton": false,
				"canlayon": false,
				"furniline": "",
				"environment": "",
				"rare": false
			},
			{
				"id": 100005,
				"classname": "hobba_bb21_pwrup_bomb",
				"revision": 0,
				"category": "unknown",
				"defaultdir": 0,
				"xdim": 1,
				"ydim": 1,
				"partcolors": {
					"color": []
				},
				"name": "hobba_bb21_pwrup_bomb",
				"description": "hobba_bb21_pwrup_bomb",
				"adurl": "",
				"offerid": 100005,
				"buyout": true,
				"rentofferid": -1,
				"rentbuyout": false,
				"bc": false,
				"excludeddynamic": false,
				"customparams": "0",
				"specialtype": 1,
				"canstandon": false,
				"cansiton": false,
				"canlayon": false,
				"furniline": "",
				"environment": "",
				"rare": false
			},
			{
				"id": 100006,
				"classname": "hobba_bb21_pwrup_cannon",
				"revision": 0,
				"category": "unknown",
				"defaultdir": 0,
				"xdim": 1,
				"ydim": 1,
				"partcolors": {
					"color": []
				},
				"name": "hobba_bb21_pwrup_cannon",
				"description": "hobba_bb21_pwrup_cannon",
				"adurl": "",
				"offerid": 100006,
				"buyout": true,
				"rentofferid": -1,
				"rentbuyout": false,
				"bc": false,
				"excludeddynamic": false,
				"customparams": "0",
				"specialtype": 1,
				"canstandon": false,
				"cansiton": false,
				"canlayon": false,
				"furniline": "",
				"environment": "",
				"rare": false
			},
			{
				"id": 100007,
				"classname": "hobba_bb21_pwrup_flashlight",
				"revision": 0,
				"category": "unknown",
				"defaultdir": 0,
				"xdim": 1,
				"ydim": 1,
				"partcolors": {
					"color": []
				},
				"name": "hobba_bb21_pwrup_flashlight",
				"description": "hobba_bb21_pwrup_flashlight",
				"adurl": "",
				"offerid": 100007,
				"buyout": true,
				"rentofferid": -1,
				"rentbuyout": false,
				"bc": false,
				"excludeddynamic": false,
				"customparams": "0",
				"specialtype": 1,
				"canstandon": false,
				"cansiton": false,
				"canlayon": false,
				"furniline": "",
				"environment": "",
				"rare": false
			},
			{
				"id": 100008,
				"classname": "hobba_bb21_pwrup_harlequin",
				"revision": 0,
				"category": "unknown",
				"defaultdir": 0,
				"xdim": 1,
				"ydim": 1,
				"partcolors": {
					"color": []
				},
				"name": "hobba_bb21_pwrup_harlequin",
				"description": "hobba_bb21_pwrup_harlequin",
				"adurl": "",
				"offerid": 100008,
				"buyout": true,
				"rentofferid": -1,
				"rentbuyout": false,
				"bc": false,
				"excludeddynamic": false,
				"customparams": "0",
				"specialtype": 1,
				"canstandon": false,
				"cansiton": false,
				"canlayon": false,
				"furniline": "",
				"environment": "",
				"rare": false
			},
			{
				"id": 100009,
				"classname": "hobba_bb21_pwrup_lightbulb",
				"revision": 0,
				"category": "unknown",
				"defaultdir": 0,
				"xdim": 1,
				"ydim": 1,
				"partcolors": {
					"color": []
				},
				"name": "hobba_bb21_pwrup_lightbulb",
				"description": "hobba_bb21_pwrup_lightbulb",
				"adurl": "",
				"offerid": 100009,
				"buyout": true,
				"rentofferid": -1,
				"rentbuyout": false,
				"bc": false,
				"excludeddynamic": false,
				"customparams": "0",
				"specialtype": 1,
				"canstandon": false,
				"cansiton": false,
				"canlayon": false,
				"furniline": "",
				"environment": "",
				"rare": false
			},
			{
				"id": 100010,
				"classname": "hobba_bb21_pwrup_pinbox",
				"revision": 0,
				"category": "unknown",
				"defaultdir": 0,
				"xdim": 1,
				"ydim": 1,
				"partcolors": {
					"color": []
				},
				"name": "hobba_bb21_pwrup_pinbox",
				"description": "hobba_bb21_pwrup_pinbox",
				"adurl": "",
				"offerid": 100010,
				"buyout": true,
				"rentofferid": -1,
				"rentbuyout": false,
				"bc": false,
				"excludeddynamic": false,
				"customparams": "0",
				"specialtype": 1,
				"canstandon": false,
				"cansiton": false,
				"canlayon": false,
				"furniline": "",
				"environment": "",
				"rare": false
			},
			{
				"id": 100011,
				"classname": "hobba_bb21_pwrup_pins",
				"revision": 0,
				"category": "unknown",
				"defaultdir": 0,
				"xdim": 1,
				"ydim": 1,
				"partcolors": {
					"color": []
				},
				"name": "hobba_bb21_pwrup_pins",
				"description": "hobba_bb21_pwrup_pins",
				"adurl": "",
				"offerid": 100011,
				"buyout": true,
				"rentofferid": -1,
				"rentbuyout": false,
				"bc": false,
				"excludeddynamic": false,
				"customparams": "0",
				"specialtype": 1,
				"canstandon": false,
				"cansiton": false,
				"canlayon": false,
				"furniline": "",
				"environment": "",
				"rare": false
			},
			{
				"id": 100012,
				"classname": "hobba_bb21_pwrup_powerdrill",
				"revision": 0,
				"category": "unknown",
				"defaultdir": 0,
				"xdim": 1,
				"ydim": 1,
				"partcolors": {
					"color": []
				},
				"name": "hobba_bb21_pwrup_powerdrill",
				"description": "hobba_bb21_pwrup_powerdrill",
				"adurl": "",
				"offerid": 100012,
				"buyout": true,
				"rentofferid": -1,
				"rentbuyout": false,
				"bc": false,
				"excludeddynamic": false,
				"customparams": "0",
				"specialtype": 1,
				"canstandon": false,
				"cansiton": false,
				"canlayon": false,
				"furniline": "",
				"environment": "",
				"rare": false
			},
			{
				"id": 100013,
				"classname": "hobba_bb21_pwrup_qm",
				"revision": 0,
				"category": "unknown",
				"defaultdir": 0,
				"xdim": 1,
				"ydim": 1,
				"partcolors": {
					"color": []
				},
				"name": "hobba_bb21_pwrup_qm",
				"description": "hobba_bb21_pwrup_qm",
				"adurl": "",
				"offerid": 100013,
				"buyout": true,
				"rentofferid": -1,
				"rentbuyout": false,
				"bc": false,
				"excludeddynamic": false,
				"customparams": "0",
				"specialtype": 1,
				"canstandon": false,
				"cansiton": false,
				"canlayon": false,
				"furniline": "",
				"environment": "",
				"rare": false
			},
			{
				"id": 100014,
				"classname": "hobba_bb21_pwrup_spring",
				"revision": 0,
				"category": "unknown",
				"defaultdir": 0,
				"xdim": 1,
				"ydim": 1,
				"partcolors": {
					"color": []
				},
				"name": "hobba_bb21_pwrup_spring",
				"description": "hobba_bb21_pwrup_spring",
				"adurl": "",
				"offerid": 100014,
				"buyout": true,
				"rentofferid": -1,
				"rentbuyout": false,
				"bc": false,
				"excludeddynamic": false,
				"customparams": "0",
				"specialtype": 1,
				"canstandon": false,
				"cansiton": false,
				"canlayon": false,
				"furniline": "",
				"environment": "",
				"rare": false
			},
			{
				"id": 100015,
				"classname": "hobba_bb21_spawn",
				"revision": 0,
				"category": "unknown",
				"defaultdir": 0,
				"xdim": 1,
				"ydim": 1,
				"partcolors": {
					"color": []
				},
				"name": "hobba_bb21_spawn",
				"description": "hobba_bb21_spawn",
				"adurl": "",
				"offerid": 100015,
				"buyout": true,
				"rentofferid": -1,
				"rentbuyout": false,
				"bc": false,
				"excludeddynamic": false,
				"customparams": "0",
				"specialtype": 1,
				"canstandon": false,
				"cansiton": false,
				"canlayon": false,
				"furniline": "",
				"environment": "",
				"rare": false
			},
			{
				"id": 100016,
				"classname": "hobba_bb21_tile",
				"revision": 0,
				"category": "unknown",
				"defaultdir": 0,
				"xdim": 1,
				"ydim": 1,
				"partcolors": {
					"color": []
				},
				"name": "hobba_bb21_tile",
				"description": "hobba_bb21_tile",
				"adurl": "",
				"offerid": 100016,
				"buyout": true,
				"rentofferid": -1,
				"rentbuyout": false,
				"bc": false,
				"excludeddynamic": false,
				"customparams": "0",
				"specialtype": 1,
				"canstandon": false,
				"cansiton": false,
				"canlayon": false,
				"furniline": "",
				"environment": "",
				"rare": false
			}
		]
	},
	"wallitemtypes": {
		"furnitype": [
		]
	}
}