<?xml version="1.0"?>
<map>
	<effect id="dance.1" lib="Dance1" type="dance" revision="59200"/>
	<effect id="dance.2" lib="Dance2" type="dance" revision="59200"/>
	<effect id="dance.3" lib="Dance3" type="dance" revision="59200"/>
	<effect id="dance.4" lib="Dance4" type="dance" revision="59200"/>
	<effect id="1" lib="Spotlight" type="fx" revision="59200"/>
	<effect id="2" lib="Hoverboard" type="fx" revision="59200"/>
	<effect id="3" lib="UFOblue" type="fx" revision="59200"/>
	<effect id="4" lib="Twinkle" type="fx" revision="59200"/>
	<effect id="5" lib="Torch" type="fx" revision="59220"/>
	<effect id="6" lib="Jetpack" type="fx" revision="59200"/>
	<effect id="7" lib="Butterflies" type="fx" revision="59200"/>
	<effect id="8" lib="Fireflies" type="fx" revision="59200"/>
	<effect id="9" lib="Love" type="fx" revision="59200"/>
	<effect id="10" lib="Flies" type="fx" revision="59200"/>
	<effect id="11" lib="XRay" type="fx" revision="59200"/>
	<effect id="12" lib="Ice" type="fx" revision="59200"/>
	<effect id="13" lib="Ghost" type="fx" revision="59200"/>
	<effect id="14" lib="HoverboardPink" type="fx" revision="59200"/>
	<effect id="15" lib="HoverboardYellow" type="fx" revision="59200"/>
	<effect id="16" lib="Microphone" type="fx" revision="59220"/>
	<effect id="17" lib="UFOpink" type="fx" revision="59200"/>
	<effect id="18" lib="UFOyellow" type="fx" revision="59200"/>
	<effect id="19" lib="Carpolice" type="fx" revision="59200"/>
	<effect id="20" lib="Carambulance" type="fx" revision="59200"/>
	<effect id="21" lib="Cardollar" type="fx" revision="59200"/>
	<effect id="22" lib="Cartopfuel" type="fx" revision="59200"/>
	<effect id="23" lib="TotemMan" type="fx" revision="59200"/>
	<effect id="24" lib="TotemMerdragon" type="fx" revision="59200"/>
	<effect id="25" lib="TotemEagle" type="fx" revision="59200"/>
	<effect id="26" lib="TotemMix" type="fx" revision="59220"/>
	<effect id="27" lib="Viking" type="fx" revision="59220"/>
	<effect id="28" lib="Splash" type="fx" revision="59200"/>
	<effect id="29" lib="Swimming" type="fx" revision="59200"/>
	<effect id="30" lib="Wade" type="fx" revision="59200"/>
	<effect id="31" lib="Cheetos" type="fx" revision="59220"/>
	<effect id="32" lib="DespicableMe" type="fx" revision="59200"/>
	<effect id="33" lib="BBRed" type="fx" revision="59200"/>
	<effect id="34" lib="BBgreen" type="fx" revision="59200"/>
	<effect id="35" lib="BBblue" type="fx" revision="59200"/>
	<effect id="36" lib="BByellow" type="fx" revision="59200"/>
	<effect id="37" lib="Wadeinswamp" type="fx" revision="59200"/>
	<effect id="38" lib="IceSkatingboys" type="fx" revision="59220"/>
	<effect id="39" lib="IceSkatinggirls" type="fx" revision="59220"/>
	<effect id="40" lib="ESred" type="fx" revision="59220"/>
	<effect id="41" lib="ESgreen" type="fx" revision="59220"/>
	<effect id="42" lib="ESblue" type="fx" revision="59220"/>
	<effect id="43" lib="ESyellow" type="fx" revision="59220"/>
	<effect id="44" lib="Sims" type="fx" revision="59200"/>
	<effect id="45" lib="TaggedIceSkatingboys" type="fx" revision="59200"/>
	<effect id="46" lib="TaggedIceSkatinggirls" type="fx" revision="59200"/>
	<effect id="47" lib="Megamind" type="fx" revision="59200"/>
	<effect id="48" lib="CarDoggy" type="fx" revision="59200"/>
	<effect id="49" lib="ESredUntouchable" type="fx" revision="59200"/>
	<effect id="50" lib="ESgreenUntouchable" type="fx" revision="59200"/>
	<effect id="51" lib="ESblueUntouchable" type="fx" revision="59200"/>
	<effect id="52" lib="ESyellowUntouchable" type="fx" revision="59200"/>
	<effect id="53" lib="Easterchicks" type="fx" revision="59200"/>
	<effect id="54" lib="Easterbunny" type="fx" revision="59200"/>
	<effect id="55" lib="RollerSkatingboys" type="fx" revision="59220"/>
	<effect id="56" lib="RollerSkatinggirls" type="fx" revision="59220"/>
	<effect id="57" lib="TaggedRollerSkatingboys" type="fx" revision="59200"/>
	<effect id="58" lib="TaggedRollerSkatinggirls" type="fx" revision="59200"/>
	<effect id="59" lib="SunnyDelight" type="fx" revision="59200"/>
	<effect id="60" lib="Rango" type="fx" revision="59200"/>
	<effect id="61" lib="DisneyChannelEffect1" type="fx" revision="59200"/>
	<effect id="62" lib="DisneyChannelEffect2" type="fx" revision="59200"/>
	<effect id="63" lib="DisneyChannelEffect3" type="fx" revision="59200"/>
	<effect id="64" lib="Candle" type="fx" revision="59220"/>
	<effect id="65" lib="mobile0800" type="fx" revision="59220"/>
	<effect id="66" lib="DisneyWizardsofWaverly" type="fx" revision="59220"/>
	<effect id="67" lib="RioParrot" type="fx" revision="59200"/>
	<effect id="68" lib="eastertagging" type="fx" revision="59200"/>
	<effect id="69" lib="Volkswagen" type="fx" revision="59200"/>
	<effect id="70" lib="KungfuPanda" type="fx" revision="59200"/>
	<effect id="71" lib="Skateboard1" type="fx" revision="59200"/>
	<effect id="72" lib="Skateboard2" type="fx" revision="59200"/>
	<effect id="73" lib="ChupaChups" type="fx" revision="59200"/>
	<effect id="74" lib="Lei1" type="fx" revision="59200"/>
	<effect id="75" lib="Lei2" type="fx" revision="59200"/>
	<effect id="76" lib="Lei3" type="fx" revision="59200"/>
	<effect id="77" lib="Riding" type="fx" revision="59220"/>
	<effect id="78" lib="Perry" type="fx" revision="59200"/>
	<effect id="79" lib="AlienMask" type="fx" revision="59200"/>
	<effect id="80" lib="GiantMouth" type="fx" revision="59200"/>
	<effect id="81" lib="SwampCreatureMask" type="fx" revision="59200"/>
	<effect id="82" lib="InkBlotMask" type="fx" revision="59200"/>
	<effect id="83" lib="MimeMask" type="fx" revision="59200"/>
	<effect id="84" lib="MummyMask" type="fx" revision="59200"/>
	<effect id="85" lib="PumpkinMask" type="fx" revision="59200"/>
	<effect id="86" lib="ScarecrowMask" type="fx" revision="59200"/>
	<effect id="87" lib="WolfMask" type="fx" revision="59200"/>
	<effect id="88" lib="ZombieMask" type="fx" revision="59200"/>
	<effect id="89" lib="BackKnife" type="fx" revision="59200"/>
	<effect id="90" lib="ButteryflyWings1" type="fx" revision="59200"/>
	<effect id="91" lib="FairyWings1" type="fx" revision="59200"/>
	<effect id="92" lib="GhostSheet" type="fx" revision="59200"/>
	<effect id="93" lib="Headless" type="fx" revision="59200"/>
	<effect id="94" lib="LiisuTruck" type="fx" revision="59200"/>
	<effect id="95" lib="Snowwarred" type="fx" revision="59200"/>
	<effect id="96" lib="Snowwarblue" type="fx" revision="59200"/>
	<effect id="97" lib="Snowboardplch" type="fx" revision="59660"/>
	<effect id="98" lib="SnowstormCrosshair" type="fx" revision="59200"/>
	<effect id="99" lib="Niko" type="fx" revision="59220"/>
	<effect id="100" lib="Dragon" type="fx" revision="59200"/>
	<effect id="101" lib="BangGun" type="fx" revision="59220"/>
	<effect id="102" lib="Staff" type="fx" revision="59200"/>
	<effect id="103" lib="RidingSaddle2" type="fx" revision="62061"/>
	<effect id="104" lib="Pie" type="fx" revision="59200"/>
	<effect id="105" lib="Dubbelfrisss" type="fx" revision="59200"/>
	<effect id="106" lib="BlueTorch" type="fx" revision="59220"/>
	<effect id="107" lib="PlastoPodChair" type="fx" revision="59200"/>
	<effect id="108" lib="Ninjadisappear" type="fx" revision="59200"/>
	<effect id="109" lib="Medal1" type="fx" revision="59200"/>
	<effect id="110" lib="Medal2" type="fx" revision="59200"/>
	<effect id="111" lib="Medal3" type="fx" revision="59200"/>
	<effect id="112" lib="SpiderMan" type="fx" revision="59200"/>
	<effect id="113" lib="Raincloud" type="fx" revision="59200"/>
	<effect id="114" lib="StrongArms" type="fx" revision="59200"/>
	<effect id="115" lib="Ringmaster" type="fx" revision="59200"/>
	<effect id="116" lib="Fly" type="fx" revision="59200"/>
	<effect id="117" lib="Executioner" type="fx" revision="59220"/>
	<effect id="118" lib="Evilclown" type="fx" revision="59200"/>
	<effect id="119" lib="DarkAlienMask" type="fx" revision="59200"/>
	<effect id="120" lib="GiantMouth2" type="fx" revision="59254"/>
	<effect id="121" lib="SwampCreatureMask2" type="fx" revision="59254"/>
	<effect id="122" lib="InkBlotMask2" type="fx" revision="59254"/>
	<effect id="123" lib="MimeMask2" type="fx" revision="59254"/>
	<effect id="124" lib="Mummy2Mask" type="fx" revision="59200"/>
	<effect id="125" lib="FrostPumpkinMask" type="fx" revision="59200"/>
	<effect id="126" lib="ScarecrowMask2" type="fx" revision="59254"/>
	<effect id="127" lib="EvilWolfMask" type="fx" revision="59200"/>
	<effect id="128" lib="ZombieMask2" type="fx" revision="59254"/>
	<effect id="129" lib="BackKnife2" type="fx" revision="59254"/>
	<effect id="130" lib="ButteryflyWings2" type="fx" revision="59254"/>
	<effect id="131" lib="FairyWings2" type="fx" revision="59254"/>
	<effect id="132" lib="GlowingGhostSheet" type="fx" revision="59200"/>
	<effect id="133" lib="Headless2" type="fx" revision="59256"/>
	<effect id="134" lib="SnakeBody" type="fx" revision="59220"/>
	<effect id="135" lib="PuppetMaster" type="fx" revision="59200"/>
	<effect id="136" lib="BackwalkingShoes" type="fx" revision="59220"/>
	<effect id="137" lib="GoldSpotlight" type="fx" revision="59200"/>
	<effect id="138" lib="GoldenGlasses" type="fx" revision="59200"/>
	<effect id="139" lib="GoldMicrophone" type="fx" revision="63790"/>
	<effect id="140" lib="HabnamDance" type="fx" revision="59200"/>
	<effect id="141" lib="Flowermask" type="fx" revision="59200"/>
	<effect id="142" lib="Goatmask" type="fx" revision="59200"/>
	<effect id="143" lib="Feathermask1" type="fx" revision="59200"/>
	<effect id="144" lib="Feathermask2" type="fx" revision="59200"/>
	<effect id="145" lib="Feathermask3" type="fx" revision="59200"/>
	<effect id="146" lib="Feathermask4" type="fx" revision="59200"/>
	<effect id="147" lib="Peacock1Mask" type="fx" revision="59200"/>
	<effect id="148" lib="Peacock2Mask" type="fx" revision="59200"/>
	<effect id="149" lib="Peacock3Mask" type="fx" revision="59200"/>
	<effect id="150" lib="Peacock4Mask" type="fx" revision="59200"/>
	<effect id="151" lib="Goatmask2" type="fx" revision="59200"/>
	<effect id="152" lib="Goatmask3" type="fx" revision="59200"/>
	<effect id="153" lib="Flowermask2" type="fx" revision="59200"/>
	<effect id="154" lib="MassiveEgg" type="fx" revision="59200"/>
	<effect id="155" lib="bcrystal" type="fx" revision="59200"/>
	<effect id="156" lib="gcrystal" type="fx" revision="59200"/>
	<effect id="157" lib="Pimple" type="fx" revision="59200"/>
	<effect id="158" lib="Pinata" type="fx" revision="59200"/>
	<effect id="159" lib="Barrel" type="fx" revision="62060"/>
	<effect id="160" lib="PirateCaptain" type="fx" revision="59220"/>
	<effect id="161" lib="PirateCrew" type="fx" revision="59220"/>
	<effect id="162" lib="PirateSword" type="fx" revision="59200"/>
	<effect id="163" lib="HeadOnTheGround" type="fx" revision="59200"/>
	<effect id="164" lib="PirateGun" type="fx" revision="59200"/>
	<effect id="165" lib="SpinningThumbsUp" type="fx" revision="59200"/>
	<effect id="166" lib="Goblin" type="fx" revision="59200"/>
	<effect id="167" lib="Mutant" type="fx" revision="59200"/>
	<effect id="168" lib="SpinningHeats" type="fx" revision="59200"/>
	<effect id="169" lib="Slimed" type="fx" revision="59200"/>
	<effect id="170" lib="Duck" type="fx" revision="61749"/>
	<effect id="171" lib="SpaceBunny" type="fx" revision="59200"/>
	<effect id="172" lib="RedViking" type="fx" revision="59220"/>
	<effect id="173" lib="GreenViking" type="fx" revision="59220"/>
	<effect id="174" lib="HoverboardGreen" type="fx" revision="59200"/>
	<effect id="175" lib="RedAirplane" type="fx" revision="59200"/>
	<effect id="176" lib="BlueAirplane" type="fx" revision="59200"/>
	<effect id="177" lib="TarandFeather" type="fx" revision="59200"/>
	<effect id="178" lib="Ambassador" type="fx" revision="59200"/>
	<effect id="179" lib="Luchador" type="fx" revision="59200"/>
	<effect id="180" lib="DayoftheDead" type="fx" revision="59200"/>
	<effect id="181" lib="DayoftheDead2" type="fx" revision="59200"/>
	<effect id="182" lib="CyberpunkGun" type="fx" revision="59200"/>
	<effect id="183" lib="FossilHammer" type="fx" revision="59200"/>
	<effect id="184" lib="SplashEvil" type="fx" revision="59791"/>
	<effect id="185" lib="SwimEvil" type="fx" revision="59733"/>
	<effect id="186" lib="MagicWand" type="fx" revision="60704"/>
	<effect id="187" lib="Bot" type="fx" revision="60559"/>
	<effect id="188" lib="CameraBot" type="fx" revision="61736"/>
	<effect id="189" lib="MobileDisco" type="fx" revision="61750"/>
	<effect id="190" lib="MobileDisco2" type="fx" revision="61750"/>
	<effect id="191" lib="Hoverplank" type="fx" revision="61800"/>
	<effect id="192" lib="WateringCan" type="fx" revision="61861"/>
	<effect id="193" lib="TrampolineJump" type="fx" revision="62089"/>
	<effect id="194" lib="Treadmill" type="fx" revision="62149"/>
	<effect id="195" lib="CrossTrainer" type="fx" revision="62352"/>
	<effect id="196" lib="LightTorch" type="fx" revision="62457"/>
	<effect id="197" lib="Flycarpet" type="fx" revision="63334"/>
	<effect id="198" lib="ZombieDuck" type="fx" revision="63413"/>
	<effect id="199" lib="Turtleride" type="fx" revision="64066"/>
	<effect id="200" lib="RollerSkatingSlide" type="fx" revision="66684"/>
	<effect id="201" lib="NFTCoin1" type="fx" revision="67093"/>
	<effect id="202" lib="NFTCoin2" type="fx" revision="67093"/>
	<effect id="203" lib="NFTCoin3" type="fx" revision="67093"/>
	<effect id="204" lib="NFTCoin4" type="fx" revision="67093"/>
	<effect id="205" lib="NFTCoin5" type="fx" revision="67093"/>
	<effect id="206" lib="NFTCoin6" type="fx" revision="67093"/>
	<effect id="207" lib="LightstickBlue" type="fx" revision="67449"/>
	<effect id="208" lib="LightstickRed" type="fx" revision="67453"/>
	<effect id="209" lib="LightstickGreen" type="fx" revision="67453"/>
	<effect id="210" lib="Mvhq" type="fx" revision="67952"/>
	<effect id="211" lib="CyberKongz" type="fx" revision="67951"/>
	<effect id="212" lib="Metakey" type="fx" revision="67970"/>
	<effect id="213" lib="Skiing" type="fx" revision="68401"/>
	<effect id="214" lib="CoolCats" type="fx" revision="68332"/>
	<effect id="215" lib="FFScooter1" type="fx" revision="69903"/>
	<effect id="216" lib="FFScooter2" type="fx" revision="69903"/>
	<effect id="217" lib="FFScooter3" type="fx" revision="69903"/>
	<effect id="218" lib="Freeze" type="fx" revision="69848"/>
	<effect id="219" lib="Hide" type="fx" revision="69903"/>
	<effect id="220" lib="NFTCoin7" type="fx" revision="69950"/>
	<effect id="221" lib="Cat" type="fx" revision="69976"/>
	<effect id="222" lib="TrippyHalo" type="fx" revision="70588"/>
	<effect id="223" lib="WiredTeamRed" type="fx" revision="70688"/>
	<effect id="224" lib="WiredTeamBlue" type="fx" revision="70689"/>
	<effect id="225" lib="WiredTeamYellow" type="fx" revision="70690"/>
	<effect id="226" lib="WiredTeamGreen" type="fx" revision="70689"/>
	<effect id="227" lib="Chocolate1" type="fx" revision="70826"/>
	<effect id="228" lib="Chocolate2" type="fx" revision="70826"/>
	<effect id="229" lib="Holo" type="fx" revision="70973"/>
	<effect id="230" lib="RedDragonSpirit" type="fx" revision="71157"/>
	<effect id="231" lib="BlueDragonSpirit" type="fx" revision="71157"/>
	<effect id="232" lib="GreenDragonSpirit" type="fx" revision="71157"/>
	<effect id="500" lib="BigSpn" type="fx" revision="1337"/>
	<effect id="501" lib="SmallS" type="fx" revision="1337"/>
	<effect id="502" lib="BigJmp" type="fx" revision="1337"/>
	<effect id="503" lib="SmallJ" type="fx" revision="1337"/>
	<effect id="504" lib="Hoverplan1" type="fx" revision="1337"/>
	<effect id="505" lib="Hoverplan2" type="fx" revision="1337"/>
	<effect id="506" lib="Hoverplan3" type="fx" revision="1337"/>
	<effect id="507" lib="Hoverplan4" type="fx" revision="1337"/>
	<effect id="508" lib="Bat" type="fx" revision="1337"/>
	<effect id="509" lib="LeetRPGun" type="fx" revision="1337"/>
	<effect id="510" lib="LeetRPGoldGun" type="fx" revision="1337"/>
	<effect id="511" lib="BlackpunkGun" type="fx" revision="1337"/>
	<effect id="512" lib="UziCP" type="fx" revision="1337"/>
	<effect id="513" lib="EscopetaCP" type="fx" revision="1337"/>
	<effect id="514" lib="RifleCP" type="fx" revision="1337"/>
	<effect id="515" lib="Ak47CP" type="fx" revision="1337"/>
	<effect id="516" lib="G36CP" type="fx" revision="1337"/>
	<effect id="517" lib="GlockCP" type="fx" revision="1337"/>
	<effect id="518" lib="M16CP" type="fx" revision="1337"/>
	<effect id="519" lib="AWPCP" type="fx" revision="1337"/>
	<effect id="520" lib="CoheCP" type="fx" revision="1337"/>
	<effect id="521" lib="MLKCP" type="fx" revision="1337"/>
	<effect id="522" lib="P90CP" type="fx" revision="1337"/>
	<effect id="525" lib="ProtectShield1" type="fx" revision="1337"/>
	<effect id="526" lib="ProtectShield2" type="fx" revision="1337"/>
	<effect id="527" lib="ProtectShield3" type="fx" revision="1337"/>
	<effect id="528" lib="Sable2" type="fx" revision="1337"/>
	<effect id="529" lib="Sable3" type="fx" revision="1337"/>
	<effect id="530" lib="Sable4" type="fx" revision="1337"/>
	<effect id="531" lib="Sable5" type="fx" revision="1337"/>
	<effect id="532" lib="Sable6" type="fx" revision="1337"/>
	<effect id="533" lib="Sable7" type="fx" revision="1337"/>
	<effect id="534" lib="LightTorc2" type="fx" revision="1337"/>
	<effect id="535" lib="LightTorc3" type="fx" revision="1337"/>
	<effect id="536" lib="LightTorc4" type="fx" revision="1337"/>
	<effect id="537" lib="LightTorc5" type="fx" revision="1337"/>
	<effect id="538" lib="LightTorc6" type="fx" revision="1337"/>
	<effect id="540" lib="SintStaf" type="fx" revision="1337"/>
	<effect id="541" lib="OrgnPlaneBW" type="fx" revision="1337"/>
	<effect id="542" lib="YelwPlaneBW" type="fx" revision="1337"/>
	<effect id="543" lib="GrenPlaneBW" type="fx" revision="1337"/>
	<effect id="544" lib="PinkPlaneBW" type="fx" revision="1337"/>
	<effect id="545" lib="HoloRPBlueGun" type="fx" revision="1337"/>
	<effect id="546" lib="HoloRPGreenGun" type="fx" revision="1337"/>
	<effect id="547" lib="HoloRPGreyGun" type="fx" revision="1337"/>
	<effect id="548" lib="HoloRPOrangeGun" type="fx" revision="1337"/>
	<effect id="549" lib="HoloRPPurpleGun" type="fx" revision="1337"/>
	<effect id="554" lib="Guabna" type="fx" revision="1337"/>
	<effect id="555" lib="GrifoNdor" type="fx" revision="60704"/>
	<effect id="556" lib="SerpeNtar" type="fx" revision="60704"/>
	<effect id="557" lib="SertdAigl" type="fx" revision="60704"/>
	<effect id="558" lib="PouffSouf" type="fx" revision="60704"/>
	<effect id="559" lib="hcitydog" type="fx" revision="59200"/>
	<effect id="560" lib="RangePoube" type="fx" revision="62457"/>
	<effect id="561" lib="VoiturBla" type="fx" revision="61736"/>
	<effect id="562" lib="Absentabs" type="fx" revision="59200"/>
	<effect id="563" lib="Casinodee" type="fx" revision="59200"/>
	<effect id="564" lib="LgtbHVILLE" type="fx" revision="59200"/>-
	<effect id="565" lib="LeetHotelBrb1337" type="fx" revision="1337"/>-
	<effect id="566" lib="LeetHotelAfk1337" type="fx" revision="1337"/>-
	<effect id="567" lib="MuscleBlan" type="fx" revision="59200"/>
	<effect id="568" lib="MuscleNoir" type="fx" revision="59200"/>
	<effect id="569" lib="RidtanKyvess5" type="fx" revision="62061"/>
	<effect id="570" lib="OvejaVille" type="fx" revision="59200"/>-
	<effect id="571" lib="Feteforainee" type="fx" revision="59200"/>
	<effect id="572" lib="RyFDCharger70CP" type="fx" revision="59200"/>-
	<effect id="573" lib="RyFMEclipseCP" type="fx" revision="59200"/>-
	<effect id="574" lib="RyFMRx7CP" type="fx" revision="59200"/>-
	<effect id="575" lib="RyFTSupraCP" type="fx" revision="59200"/>-
	<effect id="576" lib="Coeurzero" type="fx" revision="59200"/>
	<effect id="577" lib="Coeurunun" type="fx" revision="59200"/>
	<effect id="578" lib="Coeurdeux" type="fx" revision="59200"/>
	<effect id="579" lib="Coeurtroi" type="fx" revision="59200"/>
	<effect id="580" lib="Coeurquat" type="fx" revision="59200"/>
	<effect id="581" lib="Coeurcinq" type="fx" revision="59200"/>
	<effect id="582" lib="Coeursiix" type="fx" revision="59200"/>
	<effect id="583" lib="Coeursept" type="fx" revision="59200"/>
	<effect id="584" lib="Coeurhuit" type="fx" revision="59200"/>
	<effect id="585" lib="Coeurneuf" type="fx" revision="59200"/>
	<effect id="586" lib="Chiffzero" type="fx" revision="59200"/>
	<effect id="587" lib="Chiffunun" type="fx" revision="59200"/>
	<effect id="588" lib="Chiffdeux" type="fx" revision="59200"/>
	<effect id="589" lib="Chifftroi" type="fx" revision="59200"/>
	<effect id="590" lib="Chiffquat" type="fx" revision="59200"/>
	<effect id="591" lib="Chiffcinq" type="fx" revision="59200"/>
	<effect id="592" lib="Chiffsiix" type="fx" revision="59200"/>
	<effect id="593" lib="Chiffsept" type="fx" revision="59200"/>
	<effect id="594" lib="Chiffhuit" type="fx" revision="59200"/>
	<effect id="595" lib="Chiffneuf" type="fx" revision="59200"/>
	<effect id="596" lib="Peog" type="fx" revision="61749"/>
	<effect id="597" lib="cpl" type="fx" revision="60559"/>
	<effect id="598" lib="frz" type="fx" revision="60559"/>
	<effect id="599" lib="gay" type="fx" revision="60559"/>
	<effect id="600" lib="FSpinn" type="fx" revision="59200"/>
	<effect id="601" lib="enableWibbo601" type="fx" revision="59200"/>
	<effect id="602" lib="enableWibbo602" type="fx" revision="59200"/>
	<effect id="603" lib="enableWibbo603" type="fx" revision="59200"/>
	<effect id="604" lib="enableWibbo604" type="fx" revision="59200"/>
	<effect id="605" lib="enableWibbo605" type="fx" revision="59200"/>
	<effect id="606" lib="enableWibbo606" type="fx" revision="59200"/>
	<effect id="607" lib="enableWibbo607" type="fx" revision="59200"/>
	<effect id="608" lib="enableWibbo608" type="fx" revision="59200"/>
	<effect id="609" lib="enableWibbo609" type="fx" revision="59200"/>
	<effect id="610" lib="enableWibbo610" type="fx" revision="59200"/>
	<effect id="611" lib="enableWibbo611" type="fx" revision="59200"/>
	<effect id="612" lib="enableWibbo612" type="fx" revision="59200"/>
	<effect id="613" lib="enableWibbo613" type="fx" revision="59200"/>
	<effect id="614" lib="enableWibbo614" type="fx" revision="59200"/>
	<effect id="615" lib="enableWibbo615" type="fx" revision="59200"/>
	<effect id="616" lib="WibboHomer" type="fx" revision="59200"/>
	<effect id="617" lib="habvilleodk617" type="fx" revision="59200"/>
	<effect id="618" lib="habvilleodk618" type="fx" revision="59200"/>
	<effect id="619" lib="habvilleodk619" type="fx" revision="59200"/>
	<effect id="620" lib="habvilleodk620" type="fx" revision="59200"/>
	<effect id="621" lib="habvilleodk621" type="fx" revision="59200"/>
	<effect id="622" lib="habvilleodk622" type="fx" revision="59200"/>
	<effect id="623" lib="habvilleodk623" type="fx" revision="59200"/>
	<effect id="624" lib="habvilleodk624" type="fx" revision="59200"/>
	<effect id="625" lib="habvilleodk625" type="fx" revision="59200"/>
	<effect id="626" lib="habvilleodk626" type="fx" revision="59200"/>
	<effect id="627" lib="habvilleodk627" type="fx" revision="59200"/>
	<effect id="628" lib="habvilleodk628" type="fx" revision="59200"/>
	<effect id="630" lib="habvilleodk630" type="fx" revision="59200"/>
	<effect id="631" lib="habvilleodk631" type="fx" revision="59200"/>
	<effect id="632" lib="habvilleodk632" type="fx" revision="59200"/>
	<effect id="633" lib="habvilleodk633" type="fx" revision="59200"/>
	<effect id="634" lib="habvilleodk634" type="fx" revision="59200"/>
	<effect id="635" lib="habvilleodk635" type="fx" revision="59200"/>
	<effect id="636" lib="habvilleodk636" type="fx" revision="59200"/>
	<effect id="637" lib="habvilleodk637" type="fx" revision="59200"/>
	<effect id="638" lib="habvilleodk638" type="fx" revision="59200"/>
	<effect id="639" lib="habvilleodk639" type="fx" revision="59200"/>
	<effect id="640" lib="habvilleodk640" type="fx" revision="59200"/>
	<effect id="641" lib="habvilleodk641" type="fx" revision="59200"/>
	<effect id="642" lib="habvilleodk642" type="fx" revision="59200"/>
	<effect id="643" lib="habvilleodk643" type="fx" revision="59200"/>
	<effect id="644" lib="habvilleodk644" type="fx" revision="59200"/>
	<effect id="645" lib="habvilleodk645" type="fx" revision="59200"/>
	<effect id="646" lib="habvilleodk646" type="fx" revision="59200"/>
	<effect id="647" lib="habvilleodk647" type="fx" revision="59200"/>
	<effect id="648" lib="habvilleodk648" type="fx" revision="59200"/>
	<effect id="649" lib="habvilleodk649" type="fx" revision="59200"/>
	<effect id="650" lib="habvilleodk650" type="fx" revision="59200"/>
	<effect id="651" lib="habvilleodk651" type="fx" revision="59200"/>
	<effect id="652" lib="habvilleodk652" type="fx" revision="59200"/>
	<effect id="655" lib="BoHabville" type="fx" revision="59200"/>
	<effect id="656" lib="EmojiIn656" type="fx" revision="59200"/>
	<effect id="657" lib="EmojiIn657" type="fx" revision="59200"/>
	<effect id="658" lib="EmojiIn658" type="fx" revision="59200"/>
	<effect id="659" lib="EmojiIn659" type="fx" revision="59200"/>
	<effect id="662" lib="EmojiIn662" type="fx" revision="59200"/>
	<effect id="663" lib="EmojiIn663" type="fx" revision="59200"/>
	<effect id="664" lib="EmojiIn664" type="fx" revision="59200"/>
	<effect id="665" lib="EmojiIn665" type="fx" revision="59200"/>
	<effect id="666" lib="EmojiIn666" type="fx" revision="59200"/>
	<effect id="667" lib="EmojiIn667" type="fx" revision="59200"/>
	<effect id="668" lib="EmojiIn668" type="fx" revision="59200"/>
	<effect id="669" lib="EmojiIn669" type="fx" revision="59200"/>
	<effect id="670" lib="EmojiIn670" type="fx" revision="59200"/>
	<effect id="671" lib="EmojiIn671" type="fx" revision="59200"/>
	<effect id="672" lib="EmojiIn672" type="fx" revision="59200"/>
	<effect id="673" lib="EmojiIn673" type="fx" revision="59200"/>
	<effect id="674" lib="EmojiIn674" type="fx" revision="59200"/>
	<effect id="675" lib="EmojiIn675" type="fx" revision="59200"/>
	<effect id="676" lib="EmojiIn676" type="fx" revision="59200"/>
	<effect id="677" lib="EmojiIn677" type="fx" revision="59200"/>
	<effect id="678" lib="EmojiIn678" type="fx" revision="59200"/>
	<effect id="679" lib="EmojiIn679" type="fx" revision="59200"/>
	<effect id="681" lib="GhostVille" type="fx" revision="59200"/>
	<effect id="682" lib="HabvilleDK" type="fx" revision="59200"/>
	<effect id="683" lib="HippoVille" type="fx" revision="59200"/>
	<effect id="685" lib="JetCazaCiudadPixel" type="fx" revision="59200"/>
	<effect id="686" lib="TriplanoFCiudadPixel" type="fx" revision="59200"/>
	<effect id="687" lib="UnicAzulHn" type="fx" revision="59200"/>
	<effect id="688" lib="UnicRosaHn" type="fx" revision="59200"/>
	<effect id="880" lib="AmongUsRD" type="fx" revision="47145"/>
	<effect id="881" lib="AmongUsBL" type="fx" revision="47145"/>
	<effect id="882" lib="AmongUsYL" type="fx" revision="47145"/>
	<effect id="883" lib="AmongUsGR" type="fx" revision="47145"/>
	<effect id="884" lib="AmongUsOR" type="fx" revision="47145"/>
	<effect id="885" lib="AmongUsPK" type="fx" revision="47145"/>
	<effect id="886" lib="AmongUsPR" type="fx" revision="47145"/>
	<effect id="887" lib="AmongUsLM" type="fx" revision="47145"/>
	<effect id="888" lib="AmongUsBR" type="fx" revision="47145"/>
	<effect id="889" lib="AmongUsCY" type="fx" revision="47145"/>
	<effect id="890" lib="AmongUsBK" type="fx" revision="47145"/>
	<effect id="891" lib="AmongUsWT" type="fx" revision="47145"/>
	<effect id="892" lib="AmongUsDeathRD" type="fx" revision="47145"/>
	<effect id="893" lib="AmongUsDeathBL" type="fx" revision="47145"/>
	<effect id="894" lib="AmongUsDeathYL" type="fx" revision="47145"/>
	<effect id="895" lib="AmongUsDeathGR" type="fx" revision="47145"/>
	<effect id="896" lib="AmongUsDeathOR" type="fx" revision="47145"/>
	<effect id="897" lib="AmongUsDeathPK" type="fx" revision="47145"/>
	<effect id="898" lib="AmongUsDeathPR" type="fx" revision="47145"/>
	<effect id="899" lib="AmongUsDeathLM" type="fx" revision="47145"/>
	<effect id="900" lib="AmongUsDeathBR" type="fx" revision="47145"/>
	<effect id="901" lib="AmongUsDeathCY" type="fx" revision="47145"/>
	<effect id="902" lib="AmongUsDeathBK" type="fx" revision="47145"/>
	<effect id="903" lib="AmongUsDeathWT" type="fx" revision="47145"/>
</map>